source_url,destination_url,observed_at,inventory_source,anchor,page_area,origin,occurrence_count,source_distinct_count,verification_status,limitations
https://www.edikka.com/en/insights/seo/seo-architecture-website,https://www.edikka.com/insights/seo/architecture-seo-site,2026-09-09,audit/reference-france-2026-09-09/crawl.json,unavailable,unknown,html,1,14,archived_observation,The archived crawl retained destinations but not anchor text or page-area classification.
https://www.edikka.com/faq/seo,https://www.edikka.com/insights/seo/architecture-seo-site,2026-09-09,audit/reference-france-2026-09-09/crawl.json,unavailable,unknown,html,1,14,archived_observation,The archived crawl retained destinations but not anchor text or page-area classification.
https://www.edikka.com/insights/ia-automatisation-web/automatisation-seo-ia,https://www.edikka.com/insights/seo/architecture-seo-site,2026-09-09,audit/reference-france-2026-09-09/crawl.json,unavailable,unknown,html,1,14,archived_observation,The archived crawl retained destinations but not anchor text or page-area classification.
https://www.edikka.com/insights/seo,https://www.edikka.com/insights/seo/architecture-seo-site,2026-09-09,audit/reference-france-2026-09-09/crawl.json,unavailable,unknown,html,2,14,archived_observation,The archived crawl retained destinations but not anchor text or page-area classification.
https://www.edikka.com/insights/seo/ai-overviews-ai-mode-seo-recherche-ia,https://www.edikka.com/insights/seo/architecture-seo-site,2026-09-09,audit/reference-france-2026-09-09/crawl.json,unavailable,unknown,html,1,14,archived_observation,The archived crawl retained destinations but not anchor text or page-area classification.
https://www.edikka.com/insights/seo/architecture-seo-site,https://www.edikka.com/insights/seo/architecture-seo-site,2026-09-09,audit/reference-france-2026-09-09/crawl.json,unavailable,unknown,html,9,14,archived_observation,The archived crawl retained destinations but not anchor text or page-area classification.
https://www.edikka.com/insights/seo/audit-seo-complet,https://www.edikka.com/insights/seo/architecture-seo-site,2026-09-09,audit/reference-france-2026-09-09/crawl.json,unavailable,unknown,html,3,14,archived_observation,The archived crawl retained destinations but not anchor text or page-area classification.
https://www.edikka.com/insights/seo/donnees-structurees-seo-geo,https://www.edikka.com/insights/seo/architecture-seo-site,2026-09-09,audit/reference-france-2026-09-09/crawl.json,unavailable,unknown,html,2,14,archived_observation,The archived crawl retained destinations but not anchor text or page-area classification.
https://www.edikka.com/insights/seo/erreurs-seo-visibilite,https://www.edikka.com/insights/seo/architecture-seo-site,2026-09-09,audit/reference-france-2026-09-09/crawl.json,unavailable,unknown,html,3,14,archived_observation,The archived crawl retained destinations but not anchor text or page-area classification.
https://www.edikka.com/insights/seo/pages-piliers-seo,https://www.edikka.com/insights/seo/architecture-seo-site,2026-09-09,audit/reference-france-2026-09-09/crawl.json,unavailable,unknown,html,5,14,archived_observation,The archived crawl retained destinations but not anchor text or page-area classification.
https://www.edikka.com/insights/seo/qu-est-ce-que-le-geo,https://www.edikka.com/insights/seo/architecture-seo-site,2026-09-09,audit/reference-france-2026-09-09/crawl.json,unavailable,unknown,html,1,14,archived_observation,The archived crawl retained destinations but not anchor text or page-area classification.
https://www.edikka.com/insights/seo/seo-2026-ce-qui-fonctionne,https://www.edikka.com/insights/seo/architecture-seo-site,2026-09-09,audit/reference-france-2026-09-09/crawl.json,unavailable,unknown,html,5,14,archived_observation,The archived crawl retained destinations but not anchor text or page-area classification.
https://www.edikka.com/insights/seo/site-citable-ia,https://www.edikka.com/insights/seo/architecture-seo-site,2026-09-09,audit/reference-france-2026-09-09/crawl.json,unavailable,unknown,html,2,14,archived_observation,The archived crawl retained destinations but not anchor text or page-area classification.
https://www.edikka.com/insights/seo/site-pret-agents-ia,https://www.edikka.com/insights/seo/architecture-seo-site,2026-09-09,audit/reference-france-2026-09-09/crawl.json,unavailable,unknown,html,1,14,archived_observation,The archived crawl retained destinations but not anchor text or page-area classification.
https://www.edikka.com/en/faq/seo,https://www.edikka.com/en/insights/seo/seo-architecture-website,2026-09-09,audit/reference-france-2026-09-09/crawl.json,unavailable,unknown,html,1,13,archived_observation,The archived crawl retained destinations but not anchor text or page-area classification.
https://www.edikka.com/en/insights,https://www.edikka.com/en/insights/seo/seo-architecture-website,2026-09-09,audit/reference-france-2026-09-09/crawl.json,unavailable,unknown,html,1,13,archived_observation,The archived crawl retained destinations but not anchor text or page-area classification.
https://www.edikka.com/en/insights/seo,https://www.edikka.com/en/insights/seo/seo-architecture-website,2026-09-09,audit/reference-france-2026-09-09/crawl.json,unavailable,unknown,html,1,13,archived_observation,The archived crawl retained destinations but not anchor text or page-area classification.
https://www.edikka.com/en/insights/seo/ai-citable-website,https://www.edikka.com/en/insights/seo/seo-architecture-website,2026-09-09,audit/reference-france-2026-09-09/crawl.json,unavailable,unknown,html,2,13,archived_observation,The archived crawl retained destinations but not anchor text or page-area classification.
https://www.edikka.com/en/insights/seo/ai-overviews-ai-mode-seo-ai-search,https://www.edikka.com/en/insights/seo/seo-architecture-website,2026-09-09,audit/reference-france-2026-09-09/crawl.json,unavailable,unknown,html,1,13,archived_observation,The archived crawl retained destinations but not anchor text or page-area classification.
https://www.edikka.com/en/insights/seo/complete-seo-audit,https://www.edikka.com/en/insights/seo/seo-architecture-website,2026-09-09,audit/reference-france-2026-09-09/crawl.json,unavailable,unknown,html,1,13,archived_observation,The archived crawl retained destinations but not anchor text or page-area classification.
https://www.edikka.com/en/insights/seo/seo-2026-what-really-works,https://www.edikka.com/en/insights/seo/seo-architecture-website,2026-09-09,audit/reference-france-2026-09-09/crawl.json,unavailable,unknown,html,1,13,archived_observation,The archived crawl retained destinations but not anchor text or page-area classification.
https://www.edikka.com/en/insights/seo/seo-architecture-website,https://www.edikka.com/en/insights/seo/seo-architecture-website,2026-09-09,audit/reference-france-2026-09-09/crawl.json,unavailable,unknown,html,8,13,archived_observation,The archived crawl retained destinations but not anchor text or page-area classification.
https://www.edikka.com/en/insights/seo/seo-mistakes-visibility,https://www.edikka.com/en/insights/seo/seo-architecture-website,2026-09-09,audit/reference-france-2026-09-09/crawl.json,unavailable,unknown,html,3,13,archived_observation,The archived crawl retained destinations but not anchor text or page-area classification.
https://www.edikka.com/en/insights/seo/seo-pillar-pages,https://www.edikka.com/en/insights/seo/seo-architecture-website,2026-09-09,audit/reference-france-2026-09-09/crawl.json,unavailable,unknown,html,1,13,archived_observation,The archived crawl retained destinations but not anchor text or page-area classification.
https://www.edikka.com/en/insights/seo/structured-data-seo-geo,https://www.edikka.com/en/insights/seo/seo-architecture-website,2026-09-09,audit/reference-france-2026-09-09/crawl.json,unavailable,unknown,html,1,13,archived_observation,The archived crawl retained destinations but not anchor text or page-area classification.
https://www.edikka.com/en/insights/seo/what-is-geo,https://www.edikka.com/en/insights/seo/seo-architecture-website,2026-09-09,audit/reference-france-2026-09-09/crawl.json,unavailable,unknown,html,1,13,archived_observation,The archived crawl retained destinations but not anchor text or page-area classification.
https://www.edikka.com/insights/seo/architecture-seo-site,https://www.edikka.com/en/insights/seo/seo-architecture-website,2026-09-09,audit/reference-france-2026-09-09/crawl.json,unavailable,unknown,html,1,13,archived_observation,The archived crawl retained destinations but not anchor text or page-area classification.
